department,employees,avg_salary,avg_perf
Customer Success,64,54005.03,3.4453125
Data,62,75100.1,3.296774193548387
Design,44,71084.82,3.377272727272727
Engineering,57,80246.4,3.7035087719298243
Finance,58,75346.62,3.298275862068966
Hr,58,48313.59,3.4120689655172414
Marketing,50,61705.98,3.3560000000000003
Product,60,85935.37,3.3233333333333333
Sales,47,51867.45,3.391489361702128
